,Year,Team,GM
0,2021,ARI,Mike Hazen
1,2020,ARI,Mike Hazen
2,2019,ARI,Mike Hazen
3,2018,ARI,Mike Hazen
4,2017,ARI,Mike Hazen
5,2016,ARI,Dave Stewart
6,2015,ARI,Dave Stewart
7,2014,ARI,Dave Stewart
8,2014,ARI,Kevin Towers
9,2013,ARI,Kevin Towers
10,2012,ARI,Kevin Towers
11,2011,ARI,Kevin Towers
12,2010,ARI,Josh Byrnes
13,2009,ARI,Josh Byrnes
14,2008,ARI,Josh Byrnes
15,2007,ARI,Josh Byrnes
16,2006,ARI,Josh Byrnes
17,2005,ARI,Joe Garagiola
18,2004,ARI,Joe Garagiola
19,2003,ARI,Joe Garagiola
20,2002,ARI,Joe Garagiola
21,2001,ARI,Joe Garagiola
22,2000,ARI,Joe Garagiola
23,1999,ARI,Joe Garagiola
24,1998,ARI,Joe Garagiola
25,2021,ATL,Alex Anthopoulos
26,2020,ATL,Alex Anthopoulos
27,2019,ATL,Alex Anthopoulos
28,2018,ATL,Alex Anthopoulos
29,2017,ATL,John Coppolella
30,2016,ATL,John Coppolella
31,2015,ATL,John Hart
32,2014,ATL,Frank Wren
33,2014,ATL,John Hart
34,2013,ATL,Frank Wren
35,2012,ATL,Frank Wren
36,2011,ATL,Frank Wren
37,2010,ATL,Frank Wren
38,2009,ATL,Frank Wren
39,2008,ATL,Frank Wren
40,2007,ATL,John Schuerholz
41,2006,ATL,John Schuerholz
42,2005,ATL,John Schuerholz
43,2004,ATL,John Schuerholz
44,2003,ATL,John Schuerholz
45,2002,ATL,John Schuerholz
46,2001,ATL,John Schuerholz
47,2000,ATL,John Schuerholz
48,1999,ATL,John Schuerholz
49,1998,ATL,John Schuerholz
50,1997,ATL,John Schuerholz
51,1996,ATL,John Schuerholz
52,1995,ATL,John Schuerholz
53,1994,ATL,John Schuerholz
54,1993,ATL,John Schuerholz
55,1992,ATL,John Schuerholz
56,1991,ATL,John Schuerholz
57,1990,ATL,Bobby Cox
58,1989,ATL,Bobby Cox
59,1988,ATL,Bobby Cox
60,1987,ATL,Bobby Cox
61,1986,ATL,Bobby Cox
62,1985,ATL,John Mullen
63,1984,ATL,John Mullen
64,1983,ATL,John Mullen
65,1982,ATL,John Mullen
66,1981,ATL,John Mullen
67,1980,ATL,John Mullen
68,1979,ATL,Bill Lucas
69,1978,ATL,Bill Lucas
70,1977,ATL,Bill Lucas
71,1976,ATL,Eddie Robinson
72,1975,ATL,Eddie Robinson
73,1974,ATL,Eddie Robinson
74,1973,ATL,Eddie Robinson
75,1972,ATL,Paul Richards
76,1971,ATL,Paul Richards
77,1970,ATL,Paul Richards
78,1969,ATL,Paul Richards
79,1968,ATL,Paul Richards
80,1967,ATL,Paul Richards
81,1966,ATL,John McHale
82,1965,MIL,John McHale
83,1964,MIL,John McHale
84,1963,MIL,John McHale
85,1962,MIL,John McHale
86,1961,MIL,John McHale
87,1960,MIL,John McHale
88,1959,MIL,John McHale
89,1958,MIL,John Quinn
90,1957,MIL,John Quinn
91,1956,MIL,John Quinn
92,1955,MIL,John Quinn
93,1954,MIL,John Quinn
94,1953,MIL,John Quinn
95,1952,BSN,John Quinn
96,1951,BSN,John Quinn
97,1950,BSN,John Quinn
98,2021,BAL,Mike Elias
99,2020,BAL,Mike Elias
100,2019,BAL,Mike Elias
101,2018,BAL,Dan Duquette
102,2017,BAL,Dan Duquette
103,2016,BAL,Dan Duquette
104,2015,BAL,Dan Duquette
105,2014,BAL,Dan Duquette
106,2013,BAL,Dan Duquette
107,2012,BAL,Dan Duquette
108,2011,BAL,Andy MacPhail
109,2010,BAL,Andy MacPhail
110,2009,BAL,Andy MacPhail
111,2008,BAL,Andy MacPhail
112,2007,BAL,Andy MacPhail
113,2006,BAL,Mike Flanagan
114,2005,BAL,Jim Beattie
115,2005,BAL,Mike Flanagan
116,2004,BAL,Jim Beattie
117,2004,BAL,Mike Flanagan
118,2003,BAL,Jim Beattie
119,2003,BAL,Mike Flanagan
120,2002,BAL,Syd Thrift
121,2001,BAL,Syd Thrift
122,2000,BAL,Syd Thrift
123,1999,BAL,Frank Wren
124,1998,BAL,Pat Gillick
125,1997,BAL,Pat Gillick
126,1996,BAL,Pat Gillick
127,1995,BAL,Roland Hemond
128,1994,BAL,Roland Hemond
129,1993,BAL,Roland Hemond
130,1992,BAL,Roland Hemond
131,1991,BAL,Roland Hemond
132,1990,BAL,Roland Hemond
133,1989,BAL,Roland Hemond
134,1988,BAL,Roland Hemond
135,1987,BAL,Hank Peters
136,1986,BAL,Hank Peters
137,1985,BAL,Hank Peters
138,1984,BAL,Hank Peters
139,1983,BAL,Hank Peters
140,1982,BAL,Hank Peters
141,1981,BAL,Hank Peters
142,1980,BAL,Hank Peters
143,1979,BAL,Hank Peters
144,1978,BAL,Hank Peters
145,1977,BAL,Hank Peters
146,1976,BAL,Hank Peters
147,1975,BAL,Frank Cashen
148,1974,BAL,Frank Cashen
149,1973,BAL,Frank Cashen
150,1972,BAL,Frank Cashen
151,1971,BAL,Harry Dalton
152,1970,BAL,Harry Dalton
153,1969,BAL,Harry Dalton
154,1968,BAL,Harry Dalton
155,1967,BAL,Harry Dalton
156,1966,BAL,Harry Dalton
157,1965,BAL,Lee MacPhail
158,1964,BAL,Lee MacPhail
159,1963,BAL,Lee MacPhail
160,1962,BAL,Lee MacPhail
161,1961,BAL,Lee MacPhail
162,1960,BAL,Lee MacPhail
163,1959,BAL,Lee MacPhail
164,1958,BAL,Paul Richards
165,1957,BAL,Paul Richards
166,1956,BAL,Paul Richards
167,1955,BAL,Paul Richards
168,1954,BAL,Art Ehlers
169,1953,SLB,Bill Veeck
170,1952,SLB,Bill Veeck
171,1951,SLB,Bill DeWitt
172,1950,SLB,Bill DeWitt
173,2021,BOS,Brian O'Halloran
174,2020,BOS,Dave Dombrowski
175,2019,BOS,Dave Dombrowski
176,2018,BOS,Dave Dombrowski
177,2017,BOS,Dave Dombrowski
178,2016,BOS,Mike Hazen
179,2015,BOS,Ben Cherington
180,2014,BOS,Ben Cherington
181,2013,BOS,Ben Cherington
182,2012,BOS,Ben Cherington
183,2011,BOS,Theo Epstein
184,2010,BOS,Theo Epstein
185,2009,BOS,Theo Epstein
186,2008,BOS,Theo Epstein
187,2007,BOS,Theo Epstein
188,2006,BOS,Theo Epstein
189,2005,BOS,Theo Epstein
190,2004,BOS,Theo Epstein
191,2003,BOS,Theo Epstein
192,2002,BOS,Mike Port
193,2001,BOS,Dan Duquette
194,2000,BOS,Dan Duquette
195,1999,BOS,Dan Duquette
196,1998,BOS,Dan Duquette
197,1997,BOS,Dan Duquette
198,1996,BOS,Dan Duquette
199,1995,BOS,Dan Duquette
200,1994,BOS,Dan Duquette
201,1993,BOS,Lou Gorman
202,1992,BOS,Lou Gorman
203,1991,BOS,Lou Gorman
204,1990,BOS,Lou Gorman
205,1989,BOS,Lou Gorman
206,1988,BOS,Lou Gorman
207,1987,BOS,Lou Gorman
208,1986,BOS,Lou Gorman
209,1985,BOS,Lou Gorman
210,1984,BOS,Haywood Sullivan
211,1983,BOS,Haywood Sullivan
212,1982,BOS,Haywood Sullivan
213,1981,BOS,Haywood Sullivan
214,1980,BOS,Haywood Sullivan
215,1979,BOS,Haywood Sullivan
216,1978,BOS,Haywood Sullivan
217,1977,BOS,Dick O'Connell
218,1976,BOS,Dick O'Connell
219,1975,BOS,Dick O'Connell
220,1974,BOS,Dick O'Connell
221,1973,BOS,Dick O'Connell
222,1972,BOS,Dick O'Connell
223,1971,BOS,Dick O'Connell
224,1970,BOS,Dick O'Connell
225,1969,BOS,Dick O'Connell
226,1968,BOS,Dick O'Connell
227,1967,BOS,Dick O'Connell
228,1966,BOS,Dick O'Connell
229,1965,BOS,Pinky Higgins
230,1964,BOS,Pinky Higgins
231,1963,BOS,Pinky Higgins
232,1962,BOS,Dick O'Connell
233,1961,BOS,Dick O'Connell
234,1960,BOS,Bucky Harris
235,1959,BOS,Bucky Harris
236,1958,BOS,Joe Cronin
237,1957,BOS,Joe Cronin
238,1956,BOS,Joe Cronin
239,1955,BOS,Joe Cronin
240,1954,BOS,Joe Cronin
241,1953,BOS,Joe Cronin
242,1952,BOS,Joe Cronin
243,1951,BOS,Joe Cronin
244,1950,BOS,Joe Cronin
245,2020,CHC,Jed Hoyer
246,2019,CHC,Jed Hoyer
247,2018,CHC,Jed Hoyer
248,2017,CHC,Jed Hoyer
249,2016,CHC,Jed Hoyer
250,2015,CHC,Jed Hoyer
251,2014,CHC,Jed Hoyer
252,2013,CHC,Jed Hoyer
253,2012,CHC,Jed Hoyer
254,2011,CHC,Randy Bush
255,2011,CHC,Jim Hendry
256,2010,CHC,Jim Hendry
257,2009,CHC,Jim Hendry
258,2008,CHC,Jim Hendry
259,2007,CHC,Jim Hendry
260,2006,CHC,Jim Hendry
261,2005,CHC,Jim Hendry
262,2004,CHC,Jim Hendry
263,2003,CHC,Jim Hendry
264,2002,CHC,Andy MacPhail
265,2001,CHC,Andy MacPhail
266,2000,CHC,Ed Lynch
267,1999,CHC,Ed Lynch
268,1998,CHC,Ed Lynch
269,1997,CHC,Ed Lynch
270,1996,CHC,Ed Lynch
271,1995,CHC,Ed Lynch
272,1994,CHC,Larry Himes
273,1993,CHC,Larry Himes
274,1992,CHC,Larry Himes
275,1991,CHC,Jim Frey
276,1990,CHC,Jim Frey
277,1989,CHC,Jim Frey
278,1988,CHC,Jim Frey
279,1987,CHC,Dallas Green
280,1986,CHC,Dallas Green
281,1985,CHC,Dallas Green
282,1984,CHC,Dallas Green
283,1983,CHC,Dallas Green
284,1982,CHC,Dallas Green
285,1981,CHC,Bob Kennedy
286,1980,CHC,Bob Kennedy
287,1979,CHC,Bob Kennedy
288,1978,CHC,Bob Kennedy
289,1977,CHC,Bob Kennedy
290,1976,CHC,Salty Saltwell
291,1975,CHC,John Holland
292,1974,CHC,John Holland
293,1973,CHC,John Holland
294,1972,CHC,John Holland
295,1971,CHC,John Holland
296,1970,CHC,John Holland
297,1969,CHC,John Holland
298,1968,CHC,John Holland
299,1967,CHC,John Holland
300,1966,CHC,John Holland
301,1965,CHC,John Holland
302,1964,CHC,John Holland
303,1963,CHC,John Holland
304,1962,CHC,John Holland
305,1961,CHC,John Holland
306,1960,CHC,John Holland
307,1959,CHC,John Holland
308,1958,CHC,John Holland
309,1957,CHC,John Holland
310,1956,CHC,Wid Mathews
311,1955,CHC,Wid Mathews
312,1954,CHC,Wid Mathews
313,1953,CHC,Wid Mathews
314,1952,CHC,Wid Mathews
315,1951,CHC,Wid Mathews
316,1950,CHC,Wid Mathews
317,2021,CIN,Nick Krall
318,2020,CIN,Nick Krall
319,2019,CIN,Nick Krall
320,2018,CIN,Nick Krall
321,2017,CIN,Dick Williams
322,2016,CIN,Dick Williams
323,2015,CIN,Walt Jocketty
324,2014,CIN,Walt Jocketty
325,2013,CIN,Walt Jocketty
326,2012,CIN,Walt Jocketty
327,2011,CIN,Walt Jocketty
328,2010,CIN,Walt Jocketty
329,2009,CIN,Walt Jocketty
330,2008,CIN,Walt Jocketty
331,2007,CIN,Wayne Krivsky
332,2006,CIN,Wayne Krivsky
333,2005,CIN,Dan O'Brien
334,2004,CIN,Dan O'Brien
335,2003,CIN,Jim Bowden
336,2002,CIN,Jim Bowden
337,2001,CIN,Jim Bowden
338,2000,CIN,Jim Bowden
339,1999,CIN,Jim Bowden
340,1998,CIN,Jim Bowden
341,1997,CIN,Jim Bowden
342,1996,CIN,Jim Bowden
343,1995,CIN,Jim Bowden
344,1994,CIN,Jim Bowden
345,1993,CIN,Jim Bowden
346,1992,CIN,Bob Quinn
347,1991,CIN,Bob Quinn
348,1990,CIN,Bob Quinn
349,1989,CIN,Murray Cook
350,1988,CIN,Murray Cook
351,1987,CIN,Bill Bergesch
352,1986,CIN,Bill Bergesch
353,1985,CIN,Bill Bergesch
354,1984,CIN,Bob Howsam
355,1983,CIN,Dick Wagner
356,1982,CIN,Dick Wagner
357,1981,CIN,Dick Wagner
358,1980,CIN,Dick Wagner
359,1979,CIN,Dick Wagner
360,1978,CIN,Bob Howsam
361,1977,CIN,Bob Howsam
362,1976,CIN,Bob Howsam
363,1975,CIN,Bob Howsam
364,1974,CIN,Bob Howsam
365,1973,CIN,Bob Howsam
366,1972,CIN,Bob Howsam
367,1971,CIN,Bob Howsam
368,1970,CIN,Bob Howsam
369,1969,CIN,Bob Howsam
370,1968,CIN,Bob Howsam
371,1967,CIN,Bob Howsam
372,1966,CIN,Bill DeWitt
373,1965,CIN,Bill DeWitt
374,1964,CIN,Bill DeWitt
375,1963,CIN,Bill DeWitt
376,1962,CIN,Bill DeWitt
377,1961,CIN,Bill DeWitt
378,1960,CIN,Gabe Paul
379,1959,CIN,Gabe Paul
380,1958,CIN,Gabe Paul
381,1957,CIN,Gabe Paul
382,1956,CIN,Gabe Paul
383,1955,CIN,Gabe Paul
384,1954,CIN,Gabe Paul
385,1953,CIN,Gabe Paul
386,1952,CIN,Gabe Paul
387,1951,CIN,Warren Giles
388,1950,CIN,Warren Giles
389,2021,CLE,Mike Chernoff
390,2020,CLE,Mike Chernoff
391,2019,CLE,Mike Chernoff
392,2018,CLE,Mike Chernoff
393,2017,CLE,Mike Chernoff
394,2016,CLE,Mike Chernoff
395,2015,CLE,Chris Antonetti
396,2014,CLE,Chris Antonetti
397,2013,CLE,Chris Antonetti
398,2012,CLE,Chris Antonetti
399,2011,CLE,Chris Antonetti
400,2010,CLE,Mark Shapiro
401,2009,CLE,Mark Shapiro
402,2008,CLE,Mark Shapiro
403,2007,CLE,Mark Shapiro
404,2006,CLE,Mark Shapiro
405,2005,CLE,Mark Shapiro
406,2004,CLE,Mark Shapiro
407,2003,CLE,Mark Shapiro
408,2002,CLE,Mark Shapiro
409,2001,CLE,John Hart
410,2000,CLE,John Hart
411,1999,CLE,John Hart
412,1998,CLE,John Hart
413,1997,CLE,John Hart
414,1996,CLE,John Hart
415,1995,CLE,John Hart
416,1994,CLE,John Hart
417,1993,CLE,John Hart
418,1992,CLE,John Hart
419,1991,CLE,John Hart
420,1990,CLE,Hank Peters
421,1989,CLE,Hank Peters
422,1988,CLE,Hank Peters
423,1987,CLE,Joe Klein
424,1986,CLE,Joe Klein
425,1985,CLE,Phil Seghi
426,1984,CLE,Phil Seghi
427,1983,CLE,Phil Seghi
428,1982,CLE,Phil Seghi
429,1981,CLE,Phil Seghi
430,1980,CLE,Phil Seghi
431,1979,CLE,Phil Seghi
432,1978,CLE,Phil Seghi
433,1977,CLE,Phil Seghi
434,1976,CLE,Phil Seghi
435,1975,CLE,Phil Seghi
436,1974,CLE,Phil Seghi
437,1973,CLE,Phil Seghi
438,1972,CLE,Gabe Paul
439,1971,CLE,Alvin Dark
440,1970,CLE,Alvin Dark
441,1969,CLE,Gabe Paul
442,1968,CLE,Gabe Paul
443,1967,CLE,Gabe Paul
444,1966,CLE,Gabe Paul
445,1965,CLE,Gabe Paul
446,1964,CLE,Gabe Paul
447,1963,CLE,Gabe Paul
448,1962,CLE,Gabe Paul
449,1960,CLE,Frank Lane
450,1959,CLE,Frank Lane
451,1958,CLE,Frank Lane
452,1957,CLE,Hank Greenberg
453,1956,CLE,Hank Greenberg
454,1955,CLE,Hank Greenberg
455,1954,CLE,Hank Greenberg
456,1953,CLE,Hank Greenberg
457,1952,CLE,Hank Greenberg
458,1951,CLE,Hank Greenberg
459,1950,CLE,Hank Greenberg
460,2021,COL,Jeff Bridich
461,2020,COL,Jeff Bridich
462,2019,COL,Jeff Bridich
463,2018,COL,Jeff Bridich
464,2017,COL,Jeff Bridich
465,2016,COL,Jeff Bridich
466,2015,COL,Jeff Bridich
467,2014,COL,Daniel O'Dowd
468,2013,COL,Daniel O'Dowd
469,2012,COL,Daniel O'Dowd
470,2011,COL,Daniel O'Dowd
471,2010,COL,Daniel O'Dowd
472,2009,COL,Daniel O'Dowd
473,2008,COL,Daniel O'Dowd
474,2007,COL,Daniel O'Dowd
475,2006,COL,Daniel O'Dowd
476,2005,COL,Daniel O'Dowd
477,2004,COL,Daniel O'Dowd
478,2003,COL,Daniel O'Dowd
479,2002,COL,Daniel O'Dowd
480,2001,COL,Daniel O'Dowd
481,2000,COL,Daniel O'Dowd
482,1999,COL,Bob Gebhard
483,1998,COL,Bob Gebhard
484,1997,COL,Bob Gebhard
485,1996,COL,Bob Gebhard
486,1995,COL,Bob Gebhard
487,1994,COL,Bob Gebhard
488,1993,COL,Bob Gebhard
489,2021,DET,Alberto Avila
490,2020,DET,Alberto Avila
491,2019,DET,Alberto Avila
492,2018,DET,Alberto Avila
493,2017,DET,Alberto Avila
494,2016,DET,Alberto Avila
495,2015,DET,Dave Dombrowski
496,2014,DET,Dave Dombrowski
497,2013,DET,Dave Dombrowski
498,2012,DET,Dave Dombrowski
499,2011,DET,Dave Dombrowski
500,2010,DET,Dave Dombrowski
501,2009,DET,Dave Dombrowski
502,2008,DET,Dave Dombrowski
503,2007,DET,Dave Dombrowski
504,2006,DET,Dave Dombrowski
505,2005,DET,Dave Dombrowski
506,2004,DET,Dave Dombrowski
507,2003,DET,Dave Dombrowski
508,2002,DET,Randy Smith
509,2001,DET,Randy Smith
510,2000,DET,Randy Smith
511,1999,DET,Randy Smith
512,1998,DET,Randy Smith
513,1997,DET,Randy Smith
514,1996,DET,Randy Smith
515,1995,DET,Joe Klein
516,1994,DET,Joe Klein
517,1993,DET,Jerry Walker
518,1992,DET,Joe McDonald
519,1991,DET,Joe McDonald
520,1990,DET,Bill Lajoie
521,1989,DET,Bill Lajoie
522,1988,DET,Bill Lajoie
523,1987,DET,Bill Lajoie
524,1986,DET,Bill Lajoie
525,1985,DET,Bill Lajoie
526,1984,DET,Bill Lajoie
527,1983,DET,Jim Campbell
528,1982,DET,Jim Campbell
529,1981,DET,Jim Campbell
530,1980,DET,Jim Campbell
531,1979,DET,Jim Campbell
532,1978,DET,Jim Campbell
533,1977,DET,Jim Campbell
534,1976,DET,Jim Campbell
535,1975,DET,Jim Campbell
536,1974,DET,Jim Campbell
537,1973,DET,Jim Campbell
538,1972,DET,Jim Campbell
539,1971,DET,Jim Campbell
540,1970,DET,Jim Campbell
541,1969,DET,Jim Campbell
542,1968,DET,Jim Campbell
543,1967,DET,Jim Campbell
544,1966,DET,Jim Campbell
545,1965,DET,Jim Campbell
546,1964,DET,Jim Campbell
547,1963,DET,Jim Campbell
548,1962,DET,Rick Ferrell
549,1961,DET,Rick Ferrell
550,1960,DET,Rick Ferrell
551,1959,DET,Rick Ferrell
552,1958,DET,John McHale
553,1957,DET,John McHale
554,1957,DET,Walter Briggs
555,1956,DET,Muddy Ruel
556,1955,DET,Muddy Ruel
557,1954,DET,Muddy Ruel
558,1953,DET,Charlie Gehringer
559,1952,DET,Charlie Gehringer
560,1951,DET,Billy Evans
561,1950,DET,Billy Evans
562,2021,HOU,James Click
563,2020,HOU,James Click
564,2019,HOU,Jeff Luhnow
565,2018,HOU,Jeff Luhnow
566,2017,HOU,Jeff Luhnow
567,2016,HOU,Jeff Luhnow
568,2015,HOU,Jeff Luhnow
569,2014,HOU,Jeff Luhnow
570,2013,HOU,Jeff Luhnow
571,2012,HOU,Jeff Luhnow
572,2011,HOU,Ed Wade
573,2010,HOU,Ed Wade
574,2009,HOU,Ed Wade
575,2008,HOU,Ed Wade
576,2007,HOU,Ed Wade
577,2006,HOU,Tim Purpura
578,2005,HOU,Tim Purpura
579,2004,HOU,Gerry Hunsicker
580,2003,HOU,Gerry Hunsicker
581,2002,HOU,Gerry Hunsicker
582,2001,HOU,Gerry Hunsicker
583,2000,HOU,Gerry Hunsicker
584,1999,HOU,Gerry Hunsicker
585,1998,HOU,Gerry Hunsicker
586,1997,HOU,Gerry Hunsicker
587,1996,HOU,Gerry Hunsicker
588,1995,HOU,Bob Watson
589,1994,HOU,Bob Watson
590,1993,HOU,Bill Wood
591,1992,HOU,Bill Wood
592,1991,HOU,Bill Wood
593,1990,HOU,Bill Wood
594,1989,HOU,Bill Wood
595,1988,HOU,Bill Wood
596,1987,HOU,Dick Wagner
597,1986,HOU,Dick Wagner
598,1985,HOU,Al Rosen
599,1984,HOU,Al Rosen
600,1983,HOU,Al Rosen
601,1982,HOU,Al Rosen
602,1981,HOU,Al Rosen
603,1980,HOU,Tal Smith
604,1979,HOU,Tal Smith
605,1978,HOU,Tal Smith
606,1977,HOU,Tal Smith
607,1976,HOU,Tal Smith
608,1975,HOU,Spec Richardson
609,1974,HOU,Spec Richardson
610,1973,HOU,Spec Richardson
611,1972,HOU,Spec Richardson
612,1971,HOU,Spec Richardson
613,1970,HOU,Spec Richardson
614,1969,HOU,Spec Richardson
615,1968,HOU,Spec Richardson
616,1967,HOU,Tal Smith
617,1966,HOU,Tal Smith
618,1965,HOU,Paul Richards
619,1964,HOU,Paul Richards
620,1963,HOU,Paul Richards
621,1962,HOU,Paul Richards
622,2021,KCR,Dayton Moore
623,2020,KCR,Dayton Moore
624,2019,KCR,Dayton Moore
625,2018,KCR,Dayton Moore
626,2017,KCR,Dayton Moore
627,2016,KCR,Dayton Moore
628,2015,KCR,Dayton Moore
629,2014,KCR,Dayton Moore
630,2013,KCR,Dayton Moore
631,2012,KCR,Dayton Moore
632,2011,KCR,Dayton Moore
633,2010,KCR,Dayton Moore
634,2009,KCR,Dayton Moore
635,2008,KCR,Dayton Moore
636,2007,KCR,Dayton Moore
637,2006,KCR,Allard Baird
638,2006,KCR,Dayton Moore
639,2005,KCR,Allard Baird
640,2004,KCR,Allard Baird
641,2003,KCR,Allard Baird
642,2002,KCR,Allard Baird
643,2001,KCR,Allard Baird
644,2000,KCR,Herk Robinson
645,2000,KCR,Allard Baird
646,1999,KCR,Herk Robinson
647,1998,KCR,Herk Robinson
648,1997,KCR,Herk Robinson
649,1996,KCR,Herk Robinson
650,1995,KCR,Herk Robinson
651,1994,KCR,Herk Robinson
652,1993,KCR,Herk Robinson
653,1992,KCR,Herk Robinson
654,1991,KCR,Herk Robinson
655,1990,KCR,John Schuerholz
656,1989,KCR,John Schuerholz
657,1988,KCR,John Schuerholz
658,1987,KCR,John Schuerholz
659,1986,KCR,John Schuerholz
660,1985,KCR,John Schuerholz
661,1984,KCR,John Schuerholz
662,1983,KCR,John Schuerholz
663,1982,KCR,John Schuerholz
664,1981,KCR,Joe Burke
665,1980,KCR,Joe Burke
666,1979,KCR,Joe Burke
667,1978,KCR,Joe Burke
668,1977,KCR,Joe Burke
669,1976,KCR,Joe Burke
670,1975,KCR,Joe Burke
671,1974,KCR,Cedric Tallis
672,1973,KCR,Cedric Tallis
673,1972,KCR,Cedric Tallis
674,1971,KCR,Cedric Tallis
675,1970,KCR,Cedric Tallis
676,1969,KCR,Cedric Tallis
677,2021,LAA,Perry Minasian
678,2020,LAA,Billy Eppler
679,2019,LAA,Billy Eppler
680,2018,LAA,Billy Eppler
681,2017,LAA,Billy Eppler
682,2016,LAA,Billy Eppler
683,2015,LAA,Jerry Dipoto
684,2014,LAA,Jerry Dipoto
685,2013,LAA,Jerry Dipoto
686,2012,LAA,Jerry Dipoto
687,2011,LAA,Tony Reagins
688,2010,LAA,Tony Reagins
689,2009,LAA,Tony Reagins
690,2008,LAA,Tony Reagins
691,2007,LAA,Bill Stoneman
692,2006,LAA,Bill Stoneman
693,2005,LAA,Bill Stoneman
694,2004,ANA,Bill Stoneman
695,2003,ANA,Bill Stoneman
696,2002,ANA,Bill Stoneman
697,2001,ANA,Bill Stoneman
698,2000,ANA,Bill Stoneman
699,1999,ANA,Bill Bavasi
700,1998,ANA,Bill Bavasi
701,1997,ANA,Bill Bavasi
702,1996,CAL,Bill Bavasi
703,1995,CAL,Bill Bavasi
704,1994,CAL,Bill Bavasi
705,1993,CAL,Dan O'Brien
706,1992,CAL,Dan O'Brien
707,1991,CAL,Mike Port
708,1990,CAL,Mike Port
709,1989,CAL,Mike Port
710,1988,CAL,Mike Port
711,1987,CAL,Mike Port
712,1986,CAL,Mike Port
713,1985,CAL,Mike Port
714,1984,CAL,Buzzie Bavasi
715,1983,CAL,Buzzie Bavasi
716,1982,CAL,Buzzie Bavasi
717,1981,CAL,Buzzie Bavasi
718,1980,CAL,Buzzie Bavasi
719,1979,CAL,Buzzie Bavasi
720,1978,CAL,Buzzie Bavasi
721,1977,CAL,Harry Dalton
722,1976,CAL,Harry Dalton
723,1975,CAL,Harry Dalton
724,1974,CAL,Harry Dalton
725,1973,CAL,Harry Dalton
726,1972,CAL,Harry Dalton
727,1971,CAL,Dick Walsh
728,1970,CAL,Dick Walsh
729,1969,CAL,Dick Walsh
730,1968,CAL,Fred Haney
731,1967,CAL,Fred Haney
732,1966,CAL,Fred Haney
733,1965,CAL,Fred Haney
734,1964,LAA,Fred Haney
735,1963,LAA,Fred Haney
736,1962,LAA,Fred Haney
737,1961,LAA,Fred Haney
738,2018,LAD,Farhan Zaidi
739,2017,LAD,Farhan Zaidi
740,2016,LAD,Farhan Zaidi
741,2015,LAD,Farhan Zaidi
742,2014,LAD,Ned Colletti
743,2013,LAD,Ned Colletti
744,2012,LAD,Ned Colletti
745,2011,LAD,Ned Colletti
746,2010,LAD,Ned Colletti
747,2009,LAD,Ned Colletti
748,2008,LAD,Ned Colletti
749,2007,LAD,Ned Colletti
750,2006,LAD,Ned Colletti
751,2005,LAD,Paul DePodesta
752,2004,LAD,Paul DePodesta
753,2003,LAD,Dan Evans
754,2002,LAD,Dan Evans
755,2001,LAD,Kevin Malone
756,2000,LAD,Kevin Malone
757,1999,LAD,Kevin Malone
758,1998,LAD,Fred Claire
759,1997,LAD,Fred Claire
760,1996,LAD,Fred Claire
761,1995,LAD,Fred Claire
762,1994,LAD,Fred Claire
763,1993,LAD,Fred Claire
764,1992,LAD,Fred Claire
765,1991,LAD,Fred Claire
766,1990,LAD,Fred Claire
767,1989,LAD,Fred Claire
768,1988,LAD,Fred Claire
769,1987,LAD,Al Campanis
770,1986,LAD,Al Campanis
771,1985,LAD,Al Campanis
772,1984,LAD,Al Campanis
773,1983,LAD,Al Campanis
774,1982,LAD,Al Campanis
775,1981,LAD,Al Campanis
776,1980,LAD,Al Campanis
777,1979,LAD,Al Campanis
778,1978,LAD,Al Campanis
779,1977,LAD,Al Campanis
780,1976,LAD,Al Campanis
781,1975,LAD,Al Campanis
782,1974,LAD,Al Campanis
783,1973,LAD,Al Campanis
784,1972,LAD,Al Campanis
785,1971,LAD,Al Campanis
786,1970,LAD,Al Campanis
787,1969,LAD,Al Campanis
788,1968,LAD,Buzzie Bavasi
789,1967,LAD,Buzzie Bavasi
790,1966,LAD,Buzzie Bavasi
791,1965,LAD,Buzzie Bavasi
792,1964,LAD,Buzzie Bavasi
793,1963,LAD,Buzzie Bavasi
794,1962,LAD,Buzzie Bavasi
795,1961,LAD,Buzzie Bavasi
796,1960,LAD,Buzzie Bavasi
797,1959,LAD,Buzzie Bavasi
798,1958,LAD,Buzzie Bavasi
799,1957,BRO,Buzzie Bavasi
800,1956,BRO,Buzzie Bavasi
801,1955,BRO,Buzzie Bavasi
802,1954,BRO,Buzzie Bavasi
803,1953,BRO,Buzzie Bavasi
804,1952,BRO,Buzzie Bavasi
805,1951,BRO,Buzzie Bavasi
806,1950,BRO,Branch Rickey
807,2021,MIA,Kim Ng
808,2020,MIA,Michael Hill
809,2019,MIA,Michael Hill
810,2018,MIA,Michael Hill
811,2017,MIA,Michael Hill
812,2016,MIA,Michael Hill
813,2015,MIA,Dan Jennings
814,2015,MIA,Mike Berger
815,2014,MIA,Dan Jennings
816,2013,MIA,Michael Hill
817,2012,MIA,Michael Hill
818,2011,FLA,Michael Hill
819,2010,FLA,Michael Hill
820,2009,FLA,Michael Hill
821,2008,FLA,Michael Hill
822,2007,FLA,Larry Beinfest
823,2006,FLA,Larry Beinfest
824,2005,FLA,Larry Beinfest
825,2004,FLA,Larry Beinfest
826,2003,FLA,Larry Beinfest
827,2002,FLA,Larry Beinfest
828,2001,FLA,Dave Dombrowski
829,2000,FLA,Dave Dombrowski
830,1999,FLA,Dave Dombrowski
831,1998,FLA,Dave Dombrowski
832,1997,FLA,Dave Dombrowski
833,1996,FLA,Dave Dombrowski
834,1995,FLA,Dave Dombrowski
835,1994,FLA,Dave Dombrowski
836,1993,FLA,Dave Dombrowski
837,2021,MIL,Matt Arnold
838,2020,MIL,David Stearns
839,2019,MIL,David Stearns
840,2018,MIL,David Stearns
841,2017,MIL,David Stearns
842,2016,MIL,David Stearns
843,2015,MIL,Douglas Melvin
844,2014,MIL,Douglas Melvin
845,2013,MIL,Douglas Melvin
846,2012,MIL,Douglas Melvin
847,2011,MIL,Douglas Melvin
848,2010,MIL,Douglas Melvin
849,2009,MIL,Douglas Melvin
850,2008,MIL,Douglas Melvin
851,2007,MIL,Douglas Melvin
852,2006,MIL,Douglas Melvin
853,2005,MIL,Douglas Melvin
854,2004,MIL,Douglas Melvin
855,2003,MIL,Douglas Melvin
856,2002,MIL,Dean Taylor
857,2001,MIL,Dean Taylor
858,2000,MIL,Dean Taylor
859,1999,MIL,Sal Bando
860,1998,MIL,Sal Bando
861,1997,MIL,Sal Bando
862,1996,MIL,Sal Bando
863,1995,MIL,Sal Bando
864,1994,MIL,Sal Bando
865,1993,MIL,Sal Bando
866,1992,MIL,Sal Bando
867,1991,MIL,Harry Dalton
868,1990,MIL,Harry Dalton
869,1989,MIL,Harry Dalton
870,1988,MIL,Harry Dalton
871,1987,MIL,Harry Dalton
872,1986,MIL,Harry Dalton
873,1985,MIL,Harry Dalton
874,1984,MIL,Harry Dalton
875,1983,MIL,Harry Dalton
876,1982,MIL,Harry Dalton
877,1981,MIL,Harry Dalton
878,1980,MIL,Harry Dalton
879,1979,MIL,Harry Dalton
880,1978,MIL,Harry Dalton
881,1977,MIL,Jim Baumer
882,1976,MIL,Jim Baumer
883,1975,MIL,Jim Baumer
884,1974,MIL,Jim Wilson
885,1973,MIL,Jim Wilson
886,1972,MIL,Frank Lane
887,1971,MIL,Frank Lane
888,1970,MIL,Marvin Milkes
889,1969,SEA,Marvin Milkes
890,2021,MIN,Thad Levine
891,2020,MIN,Thad Levine
892,2019,MIN,Thad Levine
893,2018,MIN,Thad Levine
894,2017,MIN,Derek Falvey
895,2016,MIN,Rob Antony
896,2016,MIN,Terry Ryan
897,2015,MIN,Terry Ryan
898,2014,MIN,Terry Ryan
899,2013,MIN,Terry Ryan
900,2012,MIN,Terry Ryan
901,2011,MIN,Bill Smith
902,2010,MIN,Bill Smith
903,2009,MIN,Bill Smith
904,2008,MIN,Bill Smith
905,2007,MIN,Terry Ryan
906,2006,MIN,Terry Ryan
907,2005,MIN,Terry Ryan
908,2004,MIN,Terry Ryan
909,2003,MIN,Terry Ryan
910,2002,MIN,Terry Ryan
911,2001,MIN,Terry Ryan
912,2000,MIN,Terry Ryan
913,1999,MIN,Terry Ryan
914,1998,MIN,Terry Ryan
915,1997,MIN,Terry Ryan
916,1996,MIN,Terry Ryan
917,1995,MIN,Terry Ryan
918,1994,MIN,Andy MacPhail
919,1993,MIN,Andy MacPhail
920,1992,MIN,Andy MacPhail
921,1991,MIN,Andy MacPhail
922,1990,MIN,Andy MacPhail
923,1989,MIN,Andy MacPhail
924,1988,MIN,Andy MacPhail
925,1987,MIN,Andy MacPhail
926,1986,MIN,Andy MacPhail
927,1985,MIN,Howard Fox
928,1984,MIN,Calvin Griffith
929,1983,MIN,Calvin Griffith
930,1982,MIN,Calvin Griffith
931,1981,MIN,Calvin Griffith
932,1980,MIN,Calvin Griffith
933,1979,MIN,Calvin Griffith
934,1978,MIN,Calvin Griffith
935,1977,MIN,Calvin Griffith
936,1976,MIN,Calvin Griffith
937,1975,MIN,Calvin Griffith
938,1974,MIN,Calvin Griffith
939,1973,MIN,Calvin Griffith
940,1972,MIN,Calvin Griffith
941,1971,MIN,Calvin Griffith
942,1970,MIN,Calvin Griffith
943,1969,MIN,Calvin Griffith
944,1968,MIN,Calvin Griffith
945,1967,MIN,Calvin Griffith
946,1966,MIN,Calvin Griffith
947,1965,MIN,Calvin Griffith
948,1964,MIN,Calvin Griffith
949,1963,MIN,Calvin Griffith
950,1962,MIN,Calvin Griffith
951,1961,MIN,Calvin Griffith
952,1960,WAS,Calvin Griffith
953,1959,WAS,Calvin Griffith
954,1958,WAS,Calvin Griffith
955,1957,WAS,Calvin Griffith
956,1956,WAS,Calvin Griffith
957,1955,WAS,Calvin Griffith
958,1954,WAS,Calvin Griffith
959,1953,WAS,Calvin Griffith
960,1952,WAS,Calvin Griffith
961,1951,WAS,Calvin Griffith
962,1950,WAS,Calvin Griffith
963,2020,NYM,Brodie Van Wagenen
964,2019,NYM,Brodie Van Wagenen
965,2018,NYM,Sandy Alderson
966,2017,NYM,Sandy Alderson
967,2016,NYM,Sandy Alderson
968,2015,NYM,Sandy Alderson
969,2014,NYM,Sandy Alderson
970,2013,NYM,Sandy Alderson
971,2012,NYM,Sandy Alderson
972,2011,NYM,Sandy Alderson
973,2010,NYM,Omar Minaya
974,2009,NYM,Omar Minaya
975,2008,NYM,Omar Minaya
976,2007,NYM,Omar Minaya
977,2006,NYM,Omar Minaya
978,2005,NYM,Omar Minaya
979,2004,NYM,Jim Duquette
980,2003,NYM,Steve Phillips
981,2002,NYM,Steve Phillips
982,2001,NYM,Steve Phillips
983,2000,NYM,Steve Phillips
984,1999,NYM,Steve Phillips
985,1998,NYM,Steve Phillips
986,1997,NYM,Joe McIlvaine
987,1996,NYM,Joe McIlvaine
988,1995,NYM,Joe McIlvaine
989,1994,NYM,Joe McIlvaine
990,1993,NYM,Al Harazin
991,1992,NYM,Gerry Hunsicker
992,1991,NYM,Gerry Hunsicker
993,1990,NYM,Frank Cashen
994,1989,NYM,Frank Cashen
995,1988,NYM,Frank Cashen
996,1987,NYM,Frank Cashen
997,1986,NYM,Frank Cashen
998,1985,NYM,Frank Cashen
999,1984,NYM,Frank Cashen
1000,1983,NYM,Frank Cashen
1001,1982,NYM,Frank Cashen
1002,1981,NYM,Frank Cashen
1003,1980,NYM,Frank Cashen
1004,1979,NYM,Joe McDonald
1005,1978,NYM,Joe McDonald
1006,1977,NYM,Joe McDonald
1007,1976,NYM,Joe McDonald
1008,1975,NYM,Joe McDonald
1009,1974,NYM,Bob Scheffing
1010,1973,NYM,Bob Scheffing
1011,1972,NYM,Bob Scheffing
1012,1971,NYM,Bob Scheffing
1013,1970,NYM,Bob Scheffing
1014,1969,NYM,Johnny Murphy
1015,1968,NYM,Johnny Murphy
1016,1967,NYM,Bing Devine
1017,1966,NYM,George Weiss
1018,1965,NYM,George Weiss
1019,1964,NYM,George Weiss
1020,1963,NYM,George Weiss
1021,1962,NYM,George Weiss
1022,2021,NYY,Brian Cashman
1023,2020,NYY,Brian Cashman
1024,2019,NYY,Brian Cashman
1025,2018,NYY,Brian Cashman
1026,2017,NYY,Brian Cashman
1027,2016,NYY,Brian Cashman
1028,2015,NYY,Brian Cashman
1029,2014,NYY,Brian Cashman
1030,2013,NYY,Brian Cashman
1031,2012,NYY,Brian Cashman
1032,2011,NYY,Brian Cashman
1033,2010,NYY,Brian Cashman
1034,2009,NYY,Brian Cashman
1035,2008,NYY,Brian Cashman
1036,2007,NYY,Brian Cashman
1037,2006,NYY,Brian Cashman
1038,2005,NYY,Brian Cashman
1039,2004,NYY,Brian Cashman
1040,2003,NYY,Brian Cashman
1041,2002,NYY,Brian Cashman
1042,2001,NYY,Brian Cashman
1043,2000,NYY,Brian Cashman
1044,1999,NYY,Brian Cashman
1045,1998,NYY,Brian Cashman
1046,1997,NYY,Bob Watson
1047,1996,NYY,Bob Watson
1048,1995,NYY,Gene Michael
1049,1994,NYY,Gene Michael
1050,1993,NYY,Gene Michael
1051,1992,NYY,Gene Michael
1052,1991,NYY,Gene Michael
1053,1990,NYY,Hardy Peterson
1054,1989,NYY,Bob Quinn
1055,1988,NYY,Lou Piniella
1056,1988,NYY,Bob Quinn
1057,1987,NYY,Woody Woodward
1058,1986,NYY,Clyde King
1059,1985,NYY,Clyde King
1060,1984,NYY,Murray Cook
1061,1983,NYY,Bill Bergesch
1062,1982,NYY,Bill Bergesch
1063,1981,NYY,Gene Michael
1064,1980,NYY,Gene Michael
1065,1979,NYY,Cedric Tallis
1066,1978,NYY,Cedric Tallis
1067,1977,NYY,Gabe Paul
1068,1976,NYY,Gabe Paul
1069,1975,NYY,Gabe Paul
1070,1975,NYY,Tal Smith
1071,1974,NYY,Gabe Paul
1072,1974,NYY,Tal Smith
1073,1973,NYY,Lee MacPhail
1074,1972,NYY,Lee MacPhail
1075,1971,NYY,Lee MacPhail
1076,1970,NYY,Lee MacPhail
1077,1969,NYY,Lee MacPhail
1078,1968,NYY,Lee MacPhail
1079,1967,NYY,Lee MacPhail
1080,1966,NYY,Ralph Houk
1081,1965,NYY,Ralph Houk
1082,1964,NYY,Ralph Houk
1083,1963,NYY,Roy Hamey
1084,1962,NYY,Roy Hamey
1085,1961,NYY,Roy Hamey
1086,1960,NYY,George Weiss
1087,1959,NYY,George Weiss
1088,1958,NYY,George Weiss
1089,1957,NYY,George Weiss
1090,1956,NYY,George Weiss
1091,1955,NYY,George Weiss
1092,1954,NYY,George Weiss
1093,1953,NYY,George Weiss
1094,1952,NYY,George Weiss
1095,1951,NYY,George Weiss
1096,1950,NYY,George Weiss
1097,2021,OAK,David Forst
1098,2020,OAK,David Forst
1099,2019,OAK,David Forst
1100,2018,OAK,David Forst
1101,2017,OAK,David Forst
1102,2016,OAK,David Forst
1103,2015,OAK,Billy Beane
1104,2014,OAK,Billy Beane
1105,2013,OAK,Billy Beane
1106,2012,OAK,Billy Beane
1107,2011,OAK,Billy Beane
1108,2010,OAK,Billy Beane
1109,2009,OAK,Billy Beane
1110,2008,OAK,Billy Beane
1111,2007,OAK,Billy Beane
1112,2006,OAK,Billy Beane
1113,2005,OAK,Billy Beane
1114,2004,OAK,Billy Beane
1115,2003,OAK,Billy Beane
1116,2002,OAK,Billy Beane
1117,2001,OAK,Billy Beane
1118,2000,OAK,Billy Beane
1119,1999,OAK,Billy Beane
1120,1998,OAK,Billy Beane
1121,1997,OAK,Sandy Alderson
1122,1996,OAK,Sandy Alderson
1123,1995,OAK,Sandy Alderson
1124,1994,OAK,Sandy Alderson
1125,1993,OAK,Sandy Alderson
1126,1992,OAK,Sandy Alderson
1127,1991,OAK,Sandy Alderson
1128,1990,OAK,Sandy Alderson
1129,1989,OAK,Sandy Alderson
1130,1988,OAK,Sandy Alderson
1131,1987,OAK,Sandy Alderson
1132,1986,OAK,Sandy Alderson
1133,1985,OAK,Sandy Alderson
1134,1984,OAK,Sandy Alderson
1135,1983,OAK,Sandy Alderson
1136,1982,OAK,Billy Martin
1137,1981,OAK,Billy Martin
1138,1980,OAK,Charlie Finley
1139,1979,OAK,Charlie Finley
1140,1978,OAK,Charlie Finley
1141,1977,OAK,Charlie Finley
1142,1976,OAK,Charlie Finley
1143,1975,OAK,Charlie Finley
1144,1974,OAK,Charlie Finley
1145,1973,OAK,Charlie Finley
1146,1972,OAK,Charlie Finley
1147,1971,OAK,Charlie Finley
1148,1970,OAK,Charlie Finley
1149,1969,OAK,Charlie Finley
1150,1968,OAK,Charlie Finley
1151,1967,KCA,Ed Lopat
1152,1966,KCA,Ed Lopat
1153,1965,KCA,Hank Peters
1154,1965,KCA,Pat Friday
1155,1964,KCA,Pat Friday
1156,1963,KCA,Pat Friday
1157,1962,KCA,Pat Friday
1158,1961,KCA,Frank Lane
1159,1960,KCA,Parke Carroll
1160,1959,KCA,Parke Carroll
1161,1958,KCA,George Selkirk
1162,1957,KCA,George Selkirk
1163,1953,PHA,Art Ehlers
1164,1952,PHA,Art Ehlers
1165,1951,PHA,Art Ehlers
1166,1950,PHA,Art Ehlers
1167,2021,PHI,Sam Fuld
1168,2020,PHI,Matt Klentak
1169,2019,PHI,Matt Klentak
1170,2018,PHI,Matt Klentak
1171,2017,PHI,Matt Klentak
1172,2016,PHI,Matt Klentak
1173,2015,PHI,Ruben Amaro
1174,2014,PHI,Ruben Amaro
1175,2013,PHI,Ruben Amaro
1176,2012,PHI,Ruben Amaro
1177,2011,PHI,Ruben Amaro
1178,2010,PHI,Ruben Amaro
1179,2009,PHI,Ruben Amaro
1180,2008,PHI,Pat Gillick
1181,2007,PHI,Pat Gillick
1182,2006,PHI,Pat Gillick
1183,2005,PHI,Ed Wade
1184,2004,PHI,Ed Wade
1185,2003,PHI,Ed Wade
1186,2002,PHI,Ed Wade
1187,2001,PHI,Ed Wade
1188,2000,PHI,Ed Wade
1189,1999,PHI,Ed Wade
1190,1998,PHI,Ed Wade
1191,1997,PHI,Lee Thomas
1192,1996,PHI,Lee Thomas
1193,1995,PHI,Lee Thomas
1194,1994,PHI,Lee Thomas
1195,1993,PHI,Lee Thomas
1196,1992,PHI,Lee Thomas
1197,1991,PHI,Lee Thomas
1198,1990,PHI,Lee Thomas
1199,1989,PHI,Lee Thomas
1200,1988,PHI,Woody Woodward
1201,1987,PHI,Bill Giles
1202,1986,PHI,Bill Giles
1203,1985,PHI,Bill Giles
1204,1984,PHI,Bill Giles
1205,1983,PHI,Paul Owens
1206,1982,PHI,Paul Owens
1207,1981,PHI,Paul Owens
1208,1980,PHI,Paul Owens
1209,1979,PHI,Paul Owens
1210,1978,PHI,Paul Owens
1211,1977,PHI,Paul Owens
1212,1976,PHI,Paul Owens
1213,1975,PHI,Paul Owens
1214,1974,PHI,Paul Owens
1215,1973,PHI,Paul Owens
1216,1972,PHI,John Quinn
1217,1971,PHI,John Quinn
1218,1970,PHI,John Quinn
1219,1969,PHI,John Quinn
1220,1968,PHI,John Quinn
1221,1967,PHI,John Quinn
1222,1966,PHI,John Quinn
1223,1965,PHI,John Quinn
1224,1964,PHI,John Quinn
1225,1963,PHI,John Quinn
1226,1962,PHI,John Quinn
1227,1961,PHI,John Quinn
1228,1960,PHI,John Quinn
1229,1959,PHI,John Quinn
1230,1958,PHI,Roy Hamey
1231,1957,PHI,Roy Hamey
1232,1956,PHI,Roy Hamey
1233,1955,PHI,Roy Hamey
1234,1954,PHI,Roy Hamey
1235,1953,PHI,Bob Carpenter
1236,1952,PHI,Bob Carpenter
1237,1951,PHI,Bob Carpenter
1238,1950,PHI,Bob Carpenter
1239,2021,PIT,Ben Cherington
1240,2020,PIT,Ben Cherington
1241,2019,PIT,Neal Huntington
1242,2018,PIT,Neal Huntington
1243,2017,PIT,Neal Huntington
1244,2016,PIT,Neal Huntington
1245,2015,PIT,Neal Huntington
1246,2014,PIT,Neal Huntington
1247,2013,PIT,Neal Huntington
1248,2012,PIT,Neal Huntington
1249,2011,PIT,Neal Huntington
1250,2010,PIT,Neal Huntington
1251,2009,PIT,Neal Huntington
1252,2008,PIT,Neal Huntington
1253,2007,PIT,Neal Huntington
1254,2006,PIT,Dave Littlefield
1255,2005,PIT,Dave Littlefield
1256,2004,PIT,Dave Littlefield
1257,2003,PIT,Dave Littlefield
1258,2002,PIT,Dave Littlefield
1259,2001,PIT,Cam Bonifay
1260,2001,PIT,Dave Littlefield
1261,2000,PIT,Cam Bonifay
1262,1999,PIT,Cam Bonifay
1263,1998,PIT,Cam Bonifay
1264,1997,PIT,Cam Bonifay
1265,1996,PIT,Cam Bonifay
1266,1995,PIT,Cam Bonifay
1267,1994,PIT,Cam Bonifay
1268,1993,PIT,Ted Simmons
1269,1992,PIT,Ted Simmons
1270,1991,PIT,Larry Doughty
1271,1990,PIT,Larry Doughty
1272,1989,PIT,Larry Doughty
1273,1988,PIT,Syd Thrift
1274,1987,PIT,Syd Thrift
1275,1986,PIT,Syd Thrift
1276,1985,PIT,Hardy Peterson
1277,1984,PIT,Hardy Peterson
1278,1983,PIT,Hardy Peterson
1279,1982,PIT,Hardy Peterson
1280,1981,PIT,Hardy Peterson
1281,1980,PIT,Hardy Peterson
1282,1979,PIT,Hardy Peterson
1283,1978,PIT,Hardy Peterson
1284,1978,PIT,Joseph O'Toole
1285,1977,PIT,Hardy Peterson
1286,1977,PIT,Joseph O'Toole
1287,1976,PIT,Joe Brown
1288,1975,PIT,Joe Brown
1289,1974,PIT,Joe Brown
1290,1973,PIT,Joe Brown
1291,1972,PIT,Joe Brown
1292,1971,PIT,Joe Brown
1293,1970,PIT,Joe Brown
1294,1969,PIT,Joe Brown
1295,1968,PIT,Joe Brown
1296,1967,PIT,Joe Brown
1297,1966,PIT,Joe Brown
1298,1965,PIT,Joe Brown
1299,1964,PIT,Joe Brown
1300,1963,PIT,Joe Brown
1301,1962,PIT,Joe Brown
1302,1961,PIT,Joe Brown
1303,1960,PIT,Joe Brown
1304,1959,PIT,Joe Brown
1305,1958,PIT,Joe Brown
1306,1957,PIT,Joe Brown
1307,1956,PIT,Joe Brown
1308,1955,PIT,Branch Rickey
1309,1954,PIT,Branch Rickey
1310,1953,PIT,Branch Rickey
1311,1952,PIT,Branch Rickey
1312,1951,PIT,Branch Rickey
1313,1950,PIT,Roy Hamey
1314,1949,PIT,Roy Hamey
1315,1948,PIT,Roy Hamey
1316,1947,PIT,Roy Hamey
1317,1946,PIT,Roy Hamey
1318,2021,SDP,AJ Preller
1319,2020,SDP,AJ Preller
1320,2019,SDP,AJ Preller
1321,2018,SDP,AJ Preller
1322,2017,SDP,AJ Preller
1323,2016,SDP,AJ Preller
1324,2015,SDP,AJ Preller
1325,2014,SDP,Josh Byrnes
1326,2014,SDP,AJ Preller
1327,2013,SDP,Josh Byrnes
1328,2012,SDP,Josh Byrnes
1329,2011,SDP,Jed Hoyer
1330,2010,SDP,Jed Hoyer
1331,2009,SDP,Kevin Towers
1332,2008,SDP,Kevin Towers
1333,2007,SDP,Kevin Towers
1334,2006,SDP,Kevin Towers
1335,2005,SDP,Kevin Towers
1336,2004,SDP,Kevin Towers
1337,2003,SDP,Kevin Towers
1338,2002,SDP,Kevin Towers
1339,2001,SDP,Kevin Towers
1340,2000,SDP,Kevin Towers
1341,1999,SDP,Kevin Towers
1342,1998,SDP,Kevin Towers
1343,1997,SDP,Kevin Towers
1344,1996,SDP,Kevin Towers
1345,1995,SDP,Randy Smith
1346,1994,SDP,Randy Smith
1347,1993,SDP,Joe McIlvaine
1348,1992,SDP,Joe McIlvaine
1349,1991,SDP,Joe McIlvaine
1350,1990,SDP,Jack McKeon
1351,1989,SDP,Jack McKeon
1352,1988,SDP,Jack McKeon
1353,1987,SDP,Jack McKeon
1354,1986,SDP,Jack McKeon
1355,1985,SDP,Jack McKeon
1356,1984,SDP,Jack McKeon
1357,1983,SDP,Jack McKeon
1358,1982,SDP,Jack McKeon
1359,1981,SDP,Jack McKeon
1360,1980,SDP,Bob Fontaine
1361,1979,SDP,Bob Fontaine
1362,1978,SDP,Bob Fontaine
1363,1977,SDP,Bob Fontaine
1364,1976,SDP,Buzzie Bavasi
1365,1975,SDP,Buzzie Bavasi
1366,1974,SDP,Buzzie Bavasi
1367,1973,SDP,Buzzie Bavasi
1368,1972,SDP,Buzzie Bavasi
1369,1971,SDP,Buzzie Bavasi
1370,1970,SDP,Buzzie Bavasi
1371,1969,SDP,Buzzie Bavasi
1372,2021,SFG,Scott Harris
1373,2020,SFG,Scott Harris
1374,2019,SFG,Bobby Evans
1375,2018,SFG,Bobby Evans
1376,2017,SFG,Bobby Evans
1377,2016,SFG,Brian Sabean
1378,2015,SFG,Brian Sabean
1379,2014,SFG,Brian Sabean
1380,2013,SFG,Brian Sabean
1381,2012,SFG,Brian Sabean
1382,2011,SFG,Brian Sabean
1383,2010,SFG,Brian Sabean
1384,2009,SFG,Brian Sabean
1385,2008,SFG,Brian Sabean
1386,2007,SFG,Brian Sabean
1387,2006,SFG,Brian Sabean
1388,2005,SFG,Brian Sabean
1389,2004,SFG,Brian Sabean
1390,2003,SFG,Brian Sabean
1391,2002,SFG,Brian Sabean
1392,2001,SFG,Brian Sabean
1393,2000,SFG,Brian Sabean
1394,1999,SFG,Brian Sabean
1395,1998,SFG,Brian Sabean
1396,1997,SFG,Brian Sabean
1397,1996,SFG,Bob Quinn
1398,1995,SFG,Bob Quinn
1399,1994,SFG,Bob Quinn
1400,1993,SFG,Bob Quinn
1401,1992,SFG,Al Rosen
1402,1991,SFG,Al Rosen
1403,1990,SFG,Al Rosen
1404,1989,SFG,Al Rosen
1405,1988,SFG,Al Rosen
1406,1987,SFG,Al Rosen
1407,1986,SFG,Al Rosen
1408,1985,SFG,Tom Haller
1409,1984,SFG,Tom Haller
1410,1983,SFG,Tom Haller
1411,1982,SFG,Tom Haller
1412,1981,SFG,Spec Richardson
1413,1980,SFG,Spec Richardson
1414,1979,SFG,Spec Richardson
1415,1978,SFG,Spec Richardson
1416,1977,SFG,Spec Richardson
1417,1976,SFG,Spec Richardson
1418,1975,SFG,Horace Stoneham
1419,1974,SFG,Horace Stoneham
1420,1973,SFG,Horace Stoneham
1421,1972,SFG,Horace Stoneham
1422,1971,SFG,Horace Stoneham
1423,1970,SFG,Horace Stoneham
1424,1969,SFG,Horace Stoneham
1425,1969,SFG,Chub Feeney
1426,1968,SFG,Chub Feeney
1427,1967,SFG,Chub Feeney
1428,1966,SFG,Chub Feeney
1429,1965,SFG,Chub Feeney
1430,1964,SFG,Chub Feeney
1431,1963,SFG,Chub Feeney
1432,1962,SFG,Chub Feeney
1433,1961,SFG,Chub Feeney
1434,1960,SFG,Chub Feeney
1435,1959,SFG,Chub Feeney
1436,1958,SFG,Chub Feeney
1437,1957,NYG,Chub Feeney
1438,1956,NYG,Chub Feeney
1439,1955,NYG,Chub Feeney
1440,1954,NYG,Chub Feeney
1441,1953,NYG,Chub Feeney
1442,1952,NYG,Chub Feeney
1443,1951,NYG,Chub Feeney
1444,1950,NYG,Chub Feeney
1445,2021,SEA,Jerry Dipoto
1446,2020,SEA,Jerry Dipoto
1447,2019,SEA,Jerry Dipoto
1448,2018,SEA,Jerry Dipoto
1449,2017,SEA,Jerry Dipoto
1450,2016,SEA,Jerry Dipoto
1451,2015,SEA,Jack Zduriencik
1452,2014,SEA,Jack Zduriencik
1453,2013,SEA,Jack Zduriencik
1454,2012,SEA,Jack Zduriencik
1455,2011,SEA,Jack Zduriencik
1456,2010,SEA,Jack Zduriencik
1457,2009,SEA,Jack Zduriencik
1458,2008,SEA,Lee Pelekoudas
1459,2007,SEA,Bill Bavasi
1460,2006,SEA,Bill Bavasi
1461,2005,SEA,Bill Bavasi
1462,2004,SEA,Bill Bavasi
1463,2003,SEA,Pat Gillick
1464,2002,SEA,Pat Gillick
1465,2001,SEA,Pat Gillick
1466,2000,SEA,Pat Gillick
1467,1999,SEA,Woody Woodward
1468,1998,SEA,Woody Woodward
1469,1997,SEA,Woody Woodward
1470,1996,SEA,Woody Woodward
1471,1995,SEA,Woody Woodward
1472,1994,SEA,Woody Woodward
1473,1993,SEA,Woody Woodward
1474,1992,SEA,Woody Woodward
1475,1991,SEA,Woody Woodward
1476,1990,SEA,Woody Woodward
1477,1989,SEA,Woody Woodward
1478,1988,SEA,Dick Balderson
1479,1987,SEA,Dick Balderson
1480,1986,SEA,Dick Balderson
1481,1985,SEA,Hal Keller
1482,1984,SEA,Hal Keller
1483,1983,SEA,Dan O'Brien
1484,1982,SEA,Dan O'Brien
1485,1981,SEA,Dan O'Brien
1486,1980,SEA,Lou Gorman
1487,1979,SEA,Lou Gorman
1488,1978,SEA,Lou Gorman
1489,1977,SEA,Lou Gorman
1490,2021,STL,Mike Girsch
1491,2020,STL,Mike Girsch
1492,2019,STL,Mike Girsch
1493,2018,STL,Mike Girsch
1494,2017,STL,John Mozeliak
1495,2017,STL,Mike Girsch
1496,2016,STL,John Mozeliak
1497,2015,STL,John Mozeliak
1498,2014,STL,John Mozeliak
1499,2013,STL,John Mozeliak
1500,2012,STL,John Mozeliak
1501,2011,STL,John Mozeliak
1502,2010,STL,John Mozeliak
1503,2009,STL,John Mozeliak
1504,2008,STL,John Mozeliak
1505,2007,STL,Walt Jocketty
1506,2006,STL,Walt Jocketty
1507,2005,STL,Walt Jocketty
1508,2004,STL,Walt Jocketty
1509,2003,STL,Walt Jocketty
1510,2002,STL,Walt Jocketty
1511,2001,STL,Walt Jocketty
1512,2000,STL,Walt Jocketty
1513,1999,STL,Walt Jocketty
1514,1998,STL,Walt Jocketty
1515,1997,STL,Walt Jocketty
1516,1996,STL,Walt Jocketty
1517,1995,STL,Walt Jocketty
1518,1994,STL,Dal Maxvill
1519,1993,STL,Dal Maxvill
1520,1992,STL,Dal Maxvill
1521,1991,STL,Dal Maxvill
1522,1990,STL,Dal Maxvill
1523,1989,STL,Dal Maxvill
1524,1988,STL,Dal Maxvill
1525,1987,STL,Dal Maxvill
1526,1986,STL,Dal Maxvill
1527,1985,STL,Dal Maxvill
1528,1984,STL,Joe McDonald
1529,1983,STL,Joe McDonald
1530,1982,STL,Whitey Herzog
1531,1981,STL,Whitey Herzog
1532,1980,STL,John Claiborne
1533,1979,STL,John Claiborne
1534,1978,STL,Bing Devine
1535,1977,STL,Bing Devine
1536,1976,STL,Bing Devine
1537,1975,STL,Bing Devine
1538,1974,STL,Bing Devine
1539,1973,STL,Bing Devine
1540,1972,STL,Bing Devine
1541,1971,STL,Bing Devine
1542,1970,STL,Bing Devine
1543,1969,STL,Bing Devine
1544,1968,STL,Bing Devine
1545,1967,STL,Stan Musial
1546,1966,STL,Bob Howsam
1547,1965,STL,Bob Howsam
1548,1964,STL,Bing Devine
1549,1963,STL,Bing Devine
1550,1962,STL,Bing Devine
1551,1961,STL,Bing Devine
1552,1960,STL,Bing Devine
1553,1959,STL,Bing Devine
1554,1958,STL,Bing Devine
1555,1957,STL,Frank Lane
1556,1956,STL,Frank Lane
1557,1955,STL,Dick Meyer
1558,1954,STL,Dick Meyer
1559,2021,TBR,Erik Neander
1560,2020,TBR,Erik Neander
1561,2019,TBR,Erik Neander
1562,2018,TBR,Erik Neander
1563,2017,TBR,Erik Neander
1564,2016,TBR,Matt Silverman
1565,2015,TBR,Matt Silverman
1566,2014,TBR,Andrew Friedman
1567,2013,TBR,Andrew Friedman
1568,2012,TBR,Andrew Friedman
1569,2011,TBR,Andrew Friedman
1570,2010,TBR,Andrew Friedman
1571,2009,TBR,Andrew Friedman
1572,2008,TBR,Andrew Friedman
1573,2007,TBR,Andrew Friedman
1574,2006,TBR,Andrew Friedman
1575,2005,TBR,Chuck Lamar
1576,2004,TBR,Chuck Lamar
1577,2003,TBR,Chuck Lamar
1578,2002,TBR,Chuck Lamar
1579,2001,TBR,Chuck Lamar
1580,2000,TBR,Chuck Lamar
1581,1999,TBR,Chuck Lamar
1582,1998,TBR,Chuck Lamar
1583,2021,TEX,Chris Young
1584,2020,TEX,Jon Daniels
1585,2019,TEX,Jon Daniels
1586,2018,TEX,Jon Daniels
1587,2017,TEX,Jon Daniels
1588,2016,TEX,Jon Daniels
1589,2015,TEX,Jon Daniels
1590,2014,TEX,Jon Daniels
1591,2013,TEX,Jon Daniels
1592,2012,TEX,Jon Daniels
1593,2011,TEX,Jon Daniels
1594,2010,TEX,Jon Daniels
1595,2009,TEX,Jon Daniels
1596,2008,TEX,Jon Daniels
1597,2007,TEX,Jon Daniels
1598,2006,TEX,Jon Daniels
1599,2005,TEX,John Hart
1600,2004,TEX,John Hart
1601,2003,TEX,John Hart
1602,2002,TEX,John Hart
1603,2001,TEX,Douglas Melvin
1604,2000,TEX,Douglas Melvin
1605,1999,TEX,Douglas Melvin
1606,1998,TEX,Douglas Melvin
1607,1997,TEX,Douglas Melvin
1608,1996,TEX,Douglas Melvin
1609,1995,TEX,Douglas Melvin
1610,1994,TEX,Tom Grieve
1611,1993,TEX,Tom Grieve
1612,1992,TEX,Tom Grieve
1613,1991,TEX,Tom Grieve
1614,1990,TEX,Tom Grieve
1615,1989,TEX,Tom Grieve
1616,1988,TEX,Tom Grieve
1617,1987,TEX,Tom Grieve
1618,1986,TEX,Tom Grieve
1619,1985,TEX,Tom Grieve
1620,1984,TEX,Joe Klein
1621,1983,TEX,Joe Klein
1622,1982,TEX,Eddie Robinson
1623,1981,TEX,Eddie Robinson
1624,1980,TEX,Eddie Robinson
1625,1979,TEX,Eddie Robinson
1626,1978,TEX,Dan O'Brien
1627,1977,TEX,Dan O'Brien
1628,1976,TEX,Dan O'Brien
1629,1975,TEX,Dan O'Brien
1630,1974,TEX,Dan O'Brien
1631,1973,TEX,Joe Burke
1632,1972,TEX,Joe Burke
1633,1971,WAS,Bob Short
1634,1970,WAS,Bob Short
1635,1969,WAS,Bob Short
1636,1968,WAS,George Selkirk
1637,1967,WAS,George Selkirk
1638,1966,WAS,George Selkirk
1639,1965,WAS,George Selkirk
1640,1964,WAS,George Selkirk
1641,1963,WAS,George Selkirk
1642,1962,WAS,Ed Doherty
1643,1961,WAS,Ed Doherty
1644,2021,TOR,Ross Atkins
1645,2020,TOR,Ross Atkins
1646,2019,TOR,Ross Atkins
1647,2018,TOR,Ross Atkins
1648,2017,TOR,Ross Atkins
1649,2016,TOR,Ross Atkins
1650,2015,TOR,Alex Anthopoulos
1651,2014,TOR,Alex Anthopoulos
1652,2013,TOR,Alex Anthopoulos
1653,2012,TOR,Alex Anthopoulos
1654,2011,TOR,Alex Anthopoulos
1655,2010,TOR,Alex Anthopoulos
1656,2009,TOR,JP Ricciardi
1657,2008,TOR,JP Ricciardi
1658,2007,TOR,JP Ricciardi
1659,2006,TOR,JP Ricciardi
1660,2005,TOR,JP Ricciardi
1661,2004,TOR,JP Ricciardi
1662,2003,TOR,JP Ricciardi
1663,2002,TOR,JP Ricciardi
1664,2001,TOR,Gord Ash
1665,2000,TOR,Gord Ash
1666,1999,TOR,Gord Ash
1667,1998,TOR,Gord Ash
1668,1997,TOR,Gord Ash
1669,1996,TOR,Gord Ash
1670,1995,TOR,Gord Ash
1671,1994,TOR,Pat Gillick
1672,1993,TOR,Pat Gillick
1673,1992,TOR,Pat Gillick
1674,1991,TOR,Pat Gillick
1675,1990,TOR,Pat Gillick
1676,1989,TOR,Pat Gillick
1677,1988,TOR,Pat Gillick
1678,1987,TOR,Pat Gillick
1679,1986,TOR,Pat Gillick
1680,1985,TOR,Pat Gillick
1681,1984,TOR,Pat Gillick
1682,1983,TOR,Pat Gillick
1683,1982,TOR,Pat Gillick
1684,1981,TOR,Pat Gillick
1685,1980,TOR,Pat Gillick
1686,1979,TOR,Pat Gillick
1687,1978,TOR,Pat Gillick
1688,1977,TOR,Buzzie Bavasi
1689,2021,WSN,Michael Rizzo
1690,2020,WSN,Michael Rizzo
1691,2020,WSN,Michael Rizzo
1692,2019,WSN,Michael Rizzo
1693,2018,WSN,Michael Rizzo
1694,2017,WSN,Michael Rizzo
1695,2016,WSN,Michael Rizzo
1696,2015,WSN,Michael Rizzo
1697,2014,WSN,Michael Rizzo
1698,2013,WSN,Michael Rizzo
1699,2012,WSN,Michael Rizzo
1700,2011,WSN,Michael Rizzo
1701,2010,WSN,Michael Rizzo
1702,2009,WSN,Michael Rizzo
1703,2008,WSN,Jim Bowden
1704,2007,WSN,Jim Bowden
1705,2006,WSN,Jim Bowden
1706,2005,WSN,Jim Bowden
1707,2004,MON,Omar Minaya
1708,2003,MON,Omar Minaya
1709,2002,MON,Omar Minaya
1710,2001,MON,Jim Beattie
1711,2000,MON,Jim Beattie
1712,1999,MON,Jim Beattie
1713,1998,MON,Jim Beattie
1714,1997,MON,Jim Beattie
1715,1996,MON,Jim Beattie
1716,1995,MON,Kevin Malone
1717,1994,MON,Kevin Malone
1718,1993,MON,Dan Duquette
1719,1992,MON,Dan Duquette
1720,1991,MON,Dave Dombrowski
1721,1990,MON,Dave Dombrowski
1722,1989,MON,Dave Dombrowski
1723,1988,MON,Bill Stoneman
1724,1987,MON,Murray Cook
1725,1986,MON,Murray Cook
1726,1985,MON,Murray Cook
1727,1984,MON,John McHale
1728,1983,MON,John McHale
1729,1982,MON,John McHale
1730,1981,MON,John McHale
1731,1980,MON,John McHale
1732,1979,MON,John McHale
1733,1978,MON,Charlie Fox
1734,1977,MON,Charlie Fox
1735,1976,MON,Jim Fanning
1736,1975,MON,Jim Fanning
1737,1974,MON,Jim Fanning
1738,1973,MON,Jim Fanning
1739,1972,MON,Jim Fanning
1740,1971,MON,Jim Fanning
1741,1970,MON,Jim Fanning
1742,1969,MON,Jim Fanning
1743,2021,CHW,Rick Hahn
1744,2020,CHW,Rick Hahn
1745,2019,CHW,Rick Hahn
1746,2018,CHW,Rick Hahn
1747,2017,CHW,Rick Hahn
1748,2016,CHW,Rick Hahn
1749,2015,CHW,Rick Hahn
1750,2014,CHW,Rick Hahn
1751,2013,CHW,Rick Hahn
1752,2012,CHW,Kenny Williams
1753,2011,CHW,Kenny Williams
1754,2010,CHW,Kenny Williams
1755,2009,CHW,Ken Williams
1756,2008,CHW,Ken Williams
1757,2007,CHW,Ken Williams
1758,2006,CHW,Ken Williams
1759,2005,CHW,Ken Williams
1760,2004,CHW,Ken Williams
1761,2003,CHW,Ken Williams
1762,2002,CHW,Ken Williams
1763,2001,CHW,Ken Williams
1764,2000,CHW,Ron Schueler
1765,1999,CHW,Ron Schueler
1766,1998,CHW,Ron Schueler
1767,1997,CHW,Ron Schueler
1768,1996,CHW,Ron Schueler
1769,1995,CHW,Ron Schueler
1770,1994,CHW,Ron Schueler
1771,1993,CHW,Ron Schueler
1772,1992,CHW,Ron Schueler
1773,1991,CHW,Ron Schueler
1774,1990,CHW,Larry Himes
1775,1989,CHW,Larry Himes
1776,1988,CHW,Larry Himes
1777,1987,CHW,Larry Himes
1778,1986,CHW,Ken Harrelson
1779,1985,CHW,Roland Hemond
1780,1984,CHW,Roland Hemond
1781,1983,CHW,Roland Hemond
1782,1982,CHW,Roland Hemond
1783,1981,CHW,Roland Hemond
1784,1980,CHW,Roland Hemond
1785,1979,CHW,Roland Hemond
1786,1978,CHW,Roland Hemond
1787,1977,CHW,Roland Hemond
1788,1976,CHW,Roland Hemond
1789,1975,CHW,Roland Hemond
1790,1974,CHW,Roland Hemond
1791,1973,CHW,Roland Hemond
1792,1973,CHW,Stu Holcomb
1793,1972,CHW,Stu Holcomb
1794,1971,CHW,Stu Holcomb
1795,1970,CHW,Ed Short
1796,1969,CHW,Ed Short
1797,1968,CHW,Ed Short
1798,1967,CHW,Ed Short
1799,1966,CHW,Ed Short
1800,1965,CHW,Ed Short
1801,1964,CHW,Ed Short
1802,1963,CHW,Ed Short
1803,1962,CHW,Ed Short
1804,1961,CHW,Bill Veeck
1805,1961,CHW,Hank Greenberg
1806,1960,CHW,Bill Veeck
1807,1959,CHW,Charlie Comiskey
1808,1958,CHW,Charlie Comiskey
1809,1957,CHW,Charlie Comiskey
1810,1956,CHW,Charlie Comiskey
1811,1955,CHW,Frank Lane
1812,1954,CHW,Frank Lane
1813,1953,CHW,Frank Lane
1814,1952,CHW,Frank Lane
1815,1951,CHW,Frank Lane
1816,1950,CHW,Frank Lane
